SYSTEM,CET,BENCH0,BENCH1,BENCH2,BENCH3,BENCH4,BENCH5
TGL,1,1210896,57819,5580343,661815,858348,4793119
SPR,1,1660228,85582,8539671,1025052,1224791,6413201
TGL,1,1237685,71894,5528495,659067,863280,4681863
SPR,1,1880313,87634,8514871,960602,1125376,6315762
TGL,1,1229285,83673,5554384,667720,873206,4627126
SPR,1,1682726,73104,8117465,873164,1086650,5865031
TGL,1,1330666,57140,5621906,662937,827117,4649290
SPR,1,1505235,69533,7851069,900958,1150202,5902823
TGL,1,1236224,59961,5536969,662547,841556,4679862
SPR,1,1574303,68109,7761452,888436,1069778,5684800
TGL,1,1237454,59546,5534194,670945,864397,4626411
SPR,1,1549144,66389,7750515,908328,1055499,5673483
TGL,1,1227707,59091,5538961,668004,876954,4614181
SPR,1,1464070,67461,7652507,887517,1011769,5691359
TGL,1,1241159,59835,5541722,671598,914123,4740275
SPR,1,1461243,65404,7638093,804542,1017518,5455747
TGL,1,1271249,57552,5604392,665987,830053,4657023
SPR,1,1456970,65862,7520801,875155,1006732,5532998
TGL,1,1232488,59527,5606495,670845,832391,4707155
SPR,1,1426497,67384,7519908,868221,1009633,5567538
TGL,1,1241997,59895,5586319,673090,824155,4696807
SPR,1,1437390,67494,7543105,892958,1018017,5548525
TGL,1,1240273,59923,5618737,670959,830046,4693083
SPR,1,1426660,67584,7852242,897421,1037971,5719891
TGL,1,1236759,60318,5613245,801000,885051,4702019
SPR,1,1476211,67456,7581229,772716,1015368,5468417
TGL,1,1409829,58873,5547950,661176,800017,4639822
SPR,1,1432134,67070,7584590,904438,1046083,5592100
TGL,1,1283783,59326,5557389,670850,819685,4828905
SPR,1,1461498,68126,7635522,778654,1018248,5685154
TGL,1,1281712,58906,5538190,664509,831294,4643150
SPR,1,1452519,65839,7568079,787638,1114569,5534978
TGL,1,1240244,68049,5545938,670661,875236,4642615
SPR,1,1441036,67268,7501307,779051,1006297,5612223
TGL,1,1232100,59383,5540649,672688,865538,4604153
SPR,1,1534698,67530,7589915,791203,1148813,5528797
TGL,1,1237842,61170,5549536,670964,871326,4610841
SPR,1,1547875,67035,7462525,787212,1036127,5800713
TGL,1,1225256,58676,5709961,632069,852820,4689098
SPR,1,1457720,67486,7969907,794700,1101487,5790483
TGL,1,1243112,59012,5528077,666765,890574,4650947
SPR,1,1484638,67241,7443506,790252,1057234,5627557
TGL,1,1316764,57914,5604617,657390,826510,4671507
SPR,1,1487484,65961,7526777,868949,1007925,5598753
TGL,1,1234324,58280,5643172,666545,823197,4701775
SPR,1,1443050,67619,7537725,883323,1007684,5556607
TGL,1,1298856,58618,5602851,654813,818931,4801366
SPR,1,1475753,66608,7551201,791004,1055769,5495508
TGL,1,1350992,58083,5579300,709624,811189,4666208
SPR,1,1445148,65333,7660089,781465,1009885,5537057
TGL,1,1289105,58880,5513008,712789,816377,4673085
SPR,1,1445456,80254,7495063,872613,1015604,5568957
TGL,1,1272186,58782,5566856,671191,829781,4622022
SPR,1,1541341,67199,7497987,793524,1022675,5461587
TGL,1,1318739,59002,5545751,668117,825457,4621774
SPR,1,1451366,67508,7564067,786434,1116961,5659802
TGL,1,1289718,59417,5542042,667673,823135,4795417
SPR,1,1453347,66994,7472279,874613,1023798,5532814
TGL,1,1277054,59080,5557461,662703,863889,4778687
SPR,1,1436620,67265,7489755,781169,1029268,5546699
TGL,1,1295826,59561,5585089,705809,830762,4655000
SPR,1,1434750,67045,7548146,892720,1018120,5558259
TGL,1,1323818,59526,5553902,710414,827619,4621958
SPR,1,1445140,66032,7537300,788644,1106423,5598978
TGL,1,1292534,60335,5669413,733339,831950,4660546
SPR,1,1450050,67016,7488266,779491,1008068,5587996
TGL,1,1275233,59225,5593435,728327,826184,4692271
SPR,1,1418699,66873,7529200,793345,1013199,5482993
TGL,1,1284846,59871,5590129,800838,879227,4718578
SPR,1,1435857,67131,7645587,787337,1118815,5550713
TGL,1,1284659,58959,5548046,704708,828821,4636195
SPR,1,1444508,67292,7511478,779008,1010789,5478905
TGL,1,1286399,58656,5585850,665354,810420,4779329
SPR,1,1446827,66847,7539250,886026,1011940,5677893
TGL,1,1322163,58453,5721881,640061,849389,4688099
SPR,1,1454229,67504,7479152,787839,1041335,5628312
TGL,1,1239692,58403,5589514,661923,864470,4627385
SPR,1,1421847,67653,7543933,786530,1027830,5526714
TGL,1,1238801,59743,5587638,668974,924223,4642469
SPR,1,1449450,68186,7540249,889758,1107265,5517705
TGL,1,1240351,60241,5521721,666812,868153,4669760
SPR,1,1452355,67315,7444062,787569,1022871,5500546
TGL,1,1233050,60307,5742890,640344,884540,4661504
SPR,1,1439878,67570,7547629,777332,1113984,5623110
TGL,1,1232606,59433,5571248,667806,867450,4673319
SPR,1,1437901,67419,7511079,780331,1017911,5548793
TGL,1,1299664,58777,5615524,658595,823177,4697880
SPR,1,1435191,67450,7574131,885805,1008973,5659670
TGL,1,1234494,58861,5596141,664295,884650,4638948
SPR,1,1443199,67177,7499380,780469,1022685,5628748
TGL,1,1238039,59375,5548853,665929,878854,4659205
SPR,1,1429870,66053,7559450,880991,1020682,5542681
TGL,1,1235423,59218,5548555,666661,832274,4649922
SPR,1,1431407,67284,7549049,788087,1129194,5561240
TGL,1,1233919,59725,5550167,676257,829818,4661783
SPR,1,1445310,67792,7541564,781801,1011175,5516600
TGL,1,1216276,57625,5563686,665031,826418,4609713
SPR,1,1443205,65975,7548676,890635,1013728,5544012
TGL,1,1235418,59077,5621912,668254,883485,4687511
SPR,1,1451025,66749,7551986,872339,1099704,5573795
TGL,1,1233163,59525,5563596,672580,831008,4618547
SPR,1,1432359,66972,7516894,864071,1005059,5544734
TGL,1,1237855,59047,5633676,756788,821930,4661330
SPR,1,1429171,66575,7509372,860200,1007525,5539536
TGL,1,1322846,58236,5552175,713142,813330,4665643
SPR,1,1433586,64379,7553703,885299,1007932,5513603
TGL,1,1271279,59681,5521698,722399,827315,4636036
SPR,1,1436184,67469,7495343,775639,1034538,5598936
TGL,1,1329018,57276,5552977,658701,810135,4651983
SPR,1,1439093,67393,7555403,786659,1122036,5581577
TGL,1,1277672,58866,5508524,672415,837191,4599689
SPR,1,1439535,64346,7551061,779071,1100155,5639021
TGL,1,1305946,58885,5562222,666388,818241,4608255
SPR,1,1548495,80211,7496800,780440,1010492,5631383
TGL,1,1274865,59145,5536203,664916,823493,4613916
SPR,1,1444544,66820,7485726,779982,1009226,5550583
TGL,1,1265429,59508,5501680,665367,815600,4752439
SPR,1,1532358,66406,7460554,802895,1122613,5647645
TGL,1,1235293,58922,5523549,664361,893980,4595374
SPR,1,1497419,67580,7401501,786124,1023969,5528993
TGL,1,1233507,60125,5532773,663290,889571,4652021
SPR,1,1487224,66684,7501340,794658,1009101,5638208
TGL,1,1226684,58942,5540116,670045,883768,4598399
SPR,1,1457698,79312,7481172,788460,1098071,5647319
TGL,1,1224609,58067,5539115,671782,906362,4755495
SPR,1,1549422,67066,7546812,825112,1140549,5558227
TGL,1,1235896,57785,5510212,662061,835742,4649587
SPR,1,1482379,66463,7475204,792237,1105762,5548562
TGL,1,1228016,62811,5751904,661139,823439,4664101
SPR,1,1528470,67919,7481727,794270,1058840,5631902
TGL,1,1233859,58142,5603280,664668,836859,4637387
SPR,1,1464639,66341,7483232,787464,1018007,5432274
TGL,1,1240475,60271,5618609,677238,827656,4627405
SPR,1,1490289,68103,7335635,783998,1050006,5634162
TGL,1,1237241,60804,5648641,734781,861232,4652150
SPR,1,1488011,67748,7477852,789281,1010961,5605362
TGL,1,1348358,57409,5576787,712545,814761,4790646
SPR,1,1458020,66961,7480512,785238,1017631,5535718
TGL,1,1290122,59393,5525716,669018,813410,4633432
SPR,1,1520945,67313,7453494,818240,1111556,5480237
TGL,1,1274736,59048,5546753,658689,821173,4763780
SPR,1,1464588,66300,7428338,785896,1103874,5514522
TGL,1,1238297,59721,5717667,631610,847881,4651517
SPR,1,1433009,67346,7522818,801376,1003895,5473140
TGL,1,1231758,58541,5512556,662777,872461,4596658
SPR,1,1456921,66571,7502094,785603,1005306,5463438
TGL,1,1294207,57832,5614507,662040,830417,4714118
SPR,1,1530654,68004,7591410,883009,1126901,5561689
TGL,1,1250160,57670,5640910,670919,827717,4646067
SPR,1,1425761,67458,7533634,785880,1010700,5531874
TGL,1,1239973,59322,5602785,667871,892013,4742672
SPR,1,1547587,68078,7499350,783218,1009476,5548338
TGL,1,1334447,56900,5591608,740011,822044,4658733
SPR,1,1436041,66119,7524319,791310,1013620,5526096
TGL,1,1275659,58872,5537886,670704,816493,4795254
SPR,1,1434124,65959,7481164,788673,1120658,5489556
TGL,1,1235677,58712,5538562,660392,836245,4653336
SPR,1,1446636,67525,7521736,882549,1004872,5538896
TGL,1,1235935,58716,5523490,667358,909338,4630174
SPR,1,1436759,67000,7505747,772320,1005356,5629304
TGL,1,1242352,60002,5541655,673863,898494,4655443
SPR,1,1529147,67542,7484550,783074,1021098,5511525
TGL,1,1275687,59572,5596311,671655,833926,4628941
SPR,1,1518607,67099,7581772,884954,1022319,5539230
TGL,1,1225476,58387,5581810,662311,830345,4618590
SPR,1,1436377,66864,7536326,799307,1015406,5532090
TGL,1,1291821,57579,5638378,655548,811034,4648703
SPR,1,1544946,64708,7559339,771652,1002233,5465367
TGL,1,1299919,58037,5655195,664594,820032,4680383
SPR,1,1431615,66827,7532152,868647,1079949,5579250
TGL,1,1234129,58910,5571658,663787,819329,4669032
SPR,1,1535051,66133,7448338,795431,1038950,5593901
TGL,1,1296030,62391,5586782,709662,810737,4623160
SPR,1,1455913,66587,7531992,780236,1126610,5554767
TGL,1,1286111,59502,5549038,708571,813655,4603482
SPR,1,1442006,67341,7538748,781515,1018613,5580393
TGL,1,1262552,59282,5529026,676619,827204,4606540
SPR,1,1432440,65935,7503192,865359,997728,5580718
TGL,1,1259519,58242,5524051,669659,995079,4689795
SPR,1,1434150,67485,7710023,888964,1022334,5556376
TGL,1,1235692,58342,5515656,665753,829971,4626829
SPR,1,1439979,67089,7531393,867350,1020236,5552836
TGL,1,1227235,59488,5543143,661692,858976,4625245
SPR,1,1429730,64418,7509396,882787,1013316,5543572
TGL,1,1229914,59392,5516657,664282,840117,4606041
SPR,1,1435770,67201,7488687,801999,1018522,5516450
TGL,1,1226897,66646,5705288,669236,860906,4721509
SPR,1,1531384,66948,7519136,786643,1106639,5652538
TGL,1,1281738,58413,5622073,654239,820050,4642786
SPR,1,1456224,66713,7556230,782465,1110222,5526855
TGL,1,1242154,58030,5553028,657331,825655,4655699
SPR,1,1458594,73058,7444464,778150,1008004,5477007
TGL,1,1229480,59437,5520288,665313,825722,4619625
SPR,1,1424753,67196,7543245,784751,1091332,5732540
TGL,1,1232783,59506,5512193,661460,865411,4576967
SPR,1,1444259,67241,7499072,884238,1047696,5556070
TGL,1,1229248,90805,5499986,657527,866228,4679601
SPR,1,1429941,65982,7489117,862183,1006366,5616324
TGL,1,1287040,58990,5585480,658116,821970,4653871
SPR,1,1427425,68022,7519866,881201,1010143,5580714
TGL,1,1230504,57116,5557823,662436,820103,4630910
SPR,1,1427630,67329,7531685,784477,1047713,5485279
TGL,1,1227425,61370,5529189,666423,866677,4604910
SPR,1,1426280,67139,7480914,872951,1004851,5506697
TGL,1,1223685,59404,5519792,664494,865174,4600934
SPR,1,1422931,66140,7491965,873434,1007977,5562147
TGL,1,1230776,59897,5547981,661788,892864,4880331
SPR,1,1434776,67773,7534590,908119,1017714,5529895
TGL,1,1270832,57408,5603605,663592,830101,4644819
SPR,1,1534804,69662,7507583,867759,1010355,5534999
TGL,1,1227636,59837,5620692,765945,813494,4650635
SPR,1,1432668,66555,7492392,861661,1003841,5524791
TGL,1,1434607,58740,5700705,640445,805034,4798990
SPR,1,1419658,67199,7511746,887687,1015849,5523948
TGL,1,1275724,58169,5532665,659062,858797,4636536
SPR,1,1438558,66586,7496593,879501,1023821,5551014
TGL,1,1275547,66689,5582166,657427,855448,4699330
SPR,1,1442373,65948,7499699,775827,1106342,5562085
TGL,1,1231434,72965,5514401,659324,874654,4617152
SPR,1,1429784,65762,7540693,790011,1013873,5536926
TGL,1,1232484,60533,5529266,663035,861738,4661426
SPR,1,1430412,68217,7485983,886339,1025428,5514256
TGL,1,1298902,64349,5602944,659646,818023,4645654
SPR,1,1442259,64576,7534055,775659,1099381,5539671
TGL,1,1242815,59280,5552551,666078,823564,4630267
SPR,1,1444976,67844,7496322,778381,1012207,5612907
TGL,1,1243421,59772,5556689,669823,829118,4614868
SPR,1,1449391,66693,7478368,780806,1096031,5485416
TGL,1,1234667,60253,5503574,662173,835513,4665114
SPR,1,1522397,66252,7578061,813396,1023199,5524195
TGL,1,1225588,59590,5502570,666863,821637,4615092
SPR,1,1462190,67762,7553840,896933,1017207,5490243
TGL,1,1293014,57673,5600920,658402,820907,4628103
SPR,1,1449675,66000,7429537,783635,1009010,5510183
TGL,1,1245453,60133,5579414,671930,821593,4641655
SPR,1,1436609,66712,7536680,783281,1023642,5647333
TGL,1,1293696,58992,5687145,659297,805668,4656341
SPR,1,1446105,66904,7509839,786001,1029587,5550933
TGL,1,1244966,58515,5560401,673027,818718,4689035
SPR,1,1436737,67230,7541274,888997,1119939,5559375
TGL,1,1227007,59326,5581421,673189,818410,4652757
SPR,1,1443052,67039,7531805,888826,1003994,5514177
TGL,1,1233516,57982,5564845,676714,829202,4690109
SPR,1,1471397,67226,7500780,787132,1101456,5475768
TGL,1,1232264,60257,5565779,668340,820820,4659131
SPR,1,1447175,66626,7446008,781428,1041791,5555809
TGL,1,1225711,59159,5573625,663218,820439,4700787
SPR,1,1443375,64742,7528026,883011,1006844,5610903
TGL,1,1229739,60329,5716874,707025,799238,4632158
SPR,1,1446940,67095,7474156,879074,1000896,5485869
TGL,1,1290519,58930,5527553,671172,821628,4587657
SPR,1,1438289,66208,7467796,775978,1027286,5510784
TGL,1,1309788,59423,5579279,671502,816388,4676429
SPR,1,1434119,66811,7561894,886810,1012869,5483942
TGL,1,1278693,59317,5607362,670128,824108,4615969
SPR,1,1434651,67074,7493911,858522,1012466,5496635
TGL,1,1236030,60052,5562473,766122,808576,4636448
SPR,1,1453738,67112,7452297,782373,1033239,5587290
TGL,1,1350774,57557,5544920,702877,812078,4617842
SPR,1,1456525,66871,7529549,785054,1092725,5678235
TGL,1,1307025,59473,5566274,666869,823690,4667909
SPR,1,1536125,67316,7480957,785497,1049717,5530764
TGL,1,1418665,58287,5580299,708124,814626,4613720
SPR,1,1443539,70460,7549649,790578,1006822,5454856
TGL,1,1287987,60357,5518007,713525,812053,4594011
SPR,1,1440516,66721,7686601,783521,1104224,5596759
TGL,1,1266995,59288,5512272,691663,826115,4592575
SPR,1,1444914,65941,7510805,777697,1122069,5526267
TGL,1,1299465,65323,5729014,632875,803238,4624777
SPR,1,1538193,67863,7478960,802724,1023840,5545668
TGL,1,1289522,58254,5538218,650796,855869,4657491
SPR,1,1435780,68137,7543656,887838,1009046,5523663
TGL,1,1286611,59495,5649762,657119,873047,4630614
SPR,1,1430432,66111,7560522,799844,1016718,5519367
TGL,1,1222866,130049,5497171,666771,878656,4640968
SPR,1,1528377,67281,7521830,773743,1012586,5475596
TGL,1,1237911,60109,5496074,659400,874527,4620193
SPR,1,1432855,67293,7599289,908514,1012801,5541605
TGL,1,1233524,58597,5512673,665382,859598,4623950
SPR,1,1434623,66933,7547526,864162,1004336,5515806
TGL,1,1235945,60424,5515640,663027,908144,4956893
SPR,1,1438149,67029,7521440,865020,1005962,5521096
TGL,1,1259387,59392,5510319,663965,823266,4623053
SPR,1,1425110,67104,7628654,807803,1029589,5487679
TGL,1,1232085,59005,5546548,667127,879190,4670750
SPR,1,1537991,70395,7585916,775218,1004815,5483866
TGL,1,1272853,59111,5617723,656352,815166,4636463
SPR,1,1445446,67202,7539606,774055,1005311,5555881
TGL,1,1236762,58326,5574805,665300,831593,4607598
SPR,1,1433479,67986,7586928,890269,1014734,5579548
TGL,1,1229757,59584,5597959,671159,823896,4610032
SPR,1,1431059,67012,7554584,888612,1007246,5646325
TGL,1,1228261,60155,5594891,668935,820056,4595866
SPR,1,1450353,64521,7525619,875780,1012419,5656505
TGL,1,1228991,59837,5578998,666210,897266,4735828
SPR,1,1441593,67678,7489382,786106,1007303,5509496
TGL,1,1231639,59614,5731368,700552,797149,4632495
SPR,1,1516682,67149,7568801,795178,1121924,5573776
TGL,1,1277548,58455,5499802,738522,809093,4717086
SPR,1,1444762,66528,7558153,783121,1011013,5537615
TGL,1,1278724,58147,5520263,708097,809598,4607627
SPR,1,1448766,68080,7546406,882171,1007600,5550525
TGL,1,1274492,58242,5491536,665868,813426,4743799
SPR,1,1435896,80445,7492291,795979,1113075,5495813
TGL,1,1236888,59300,5499295,661055,831004,4615803
SPR,1,1526058,65676,7565254,791722,1250166,5592317
TGL,1,1228735,58463,5508882,659587,836471,4641737
SPR,1,1471353,66399,7628691,782803,1128288,5627688
TGL,1,1226519,59634,5515331,662832,827957,4640375
SPR,1,1435846,67430,7572288,788013,1105164,5569075
TGL,1,1236210,58923,5501947,665309,819322,4616074
SPR,1,1453551,67088,7487504,870469,1004459,5564622
TGL,1,1231734,59601,5535910,663973,849444,4611614
SPR,1,1433272,67310,7525387,889981,1008002,5516003
TGL,1,1238125,59850,5503552,662950,827681,4607231
SPR,1,1427600,66205,7524462,889996,1035182,5576410
TGL,1,1234979,59549,5545993,666421,832292,4614166
SPR,1,1469021,67166,7458757,783400,1004350,5472969
TGL,1,1234269,59328,5486869,663885,820659,4617829
SPR,1,1458871,66186,7537881,867511,1007513,5558911
TGL,1,1239995,59218,5518327,668183,827938,4630826
SPR,1,1434034,66686,7870065,898542,1029854,5676207
TGL,1,1226375,59667,5492150,665898,833168,4648718
SPR,1,1445633,67831,7561804,895900,1021926,5656237
TGL,1,1282647,58655,5531050,651431,851123,4624373
SPR,1,1442294,66204,7529855,774010,1117216,5565686
TGL,1,1235742,59965,5510810,666775,832205,4713899
SPR,1,1444876,67727,7530667,779907,1006107,5619261
TGL,1,1227479,57637,5578972,667104,830257,4595297
SPR,1,1452796,66605,7494398,782903,1016947,5600397
TGL,1,1232999,58814,5481567,663348,877096,4602853
SPR,1,1424564,67447,7540773,787943,1014259,5516646
TGL,1,1235331,59022,5498045,663415,855391,4603213
SPR,1,1433225,66978,7547068,790066,1016748,5526895
TGL,1,1226408,59439,5497200,663959,857590,4575261
SPR,1,1430259,67311,7514604,881045,1008481,5662076
TGL,1,1232791,59665,5467172,671742,864807,4623451
SPR,1,1438013,66095,7507508,870460,1015931,5601234
TGL,1,1230229,59682,5504150,673023,818136,4759895
SPR,1,1464930,65762,7472822,875547,1006329,5488103
TGL,1,1234376,58414,5543696,669683,823629,4637158
SPR,1,1424475,66629,7473670,904574,1007167,5503497
TGL,1,1225015,60175,5517500,664962,839785,4612975
SPR,1,1426286,64137,7481974,872255,1001568,5489310
TGL,1,1237171,60228,5495371,661054,865540,4590941
SPR,1,1425069,67955,7499263,792428,1014958,5603029
TGL,1,1230649,58620,5489330,663523,873607,4588160
SPR,1,1445890,66872,7481621,779354,1013522,5550088
TGL,1,1230578,65997,5485565,668471,812632,4697937
SPR,1,1431598,67459,7573024,796147,1125245,5551973
TGL,1,1241323,58718,5566893,667834,885765,4661423
SPR,1,1443496,67129,7527456,781702,1101019,5612487
TGL,1,1238668,61841,5559812,662368,827020,4610658
SPR,1,1572092,66527,7494698,796655,1011699,5616791
TGL,1,1231556,59487,5511356,664210,821346,4670713
SPR,1,1450538,67035,7498096,782443,1012768,5523139
TGL,1,1298336,57593,5619885,656725,815079,4678475
SPR,1,1533690,67138,7445656,813704,1025198,5640305
TGL,1,1241405,59425,5591221,669179,821315,4654382
SPR,1,1448714,67507,7419113,798379,1115425,5547273
TGL,1,1231082,59838,5584917,665895,823200,4619964
SPR,1,1455919,67395,7476132,786367,1000019,5616420
TGL,1,1234295,59252,5610864,666063,817774,4702906
SPR,1,1490320,66829,7502295,785215,1021865,5519373
TGL,1,1231327,59158,5549855,766547,825038,4633927
SPR,1,1542211,67117,7677735,838171,1046010,5643383
TGL,1,1351031,57580,5566272,731969,811803,4625932
SPR,1,1438405,69654,7534376,789514,1126025,5545997
TGL,1,1276484,59533,5517521,747469,875280,4631245
SPR,1,1442928,66550,7528174,885776,1010940,5536625
TGL,1,1300781,58661,5526616,665161,822918,4609859
SPR,1,1441431,67520,7488525,782708,1002834,5512611
TGL,1,1260745,58127,5518637,663315,823415,4651084
SPR,1,1431203,67285,7585359,878770,1030238,5633276
TGL,1,1324228,57124,5609725,661781,821797,4608444
SPR,1,1447163,66133,7434474,783611,1024011,5508844
TGL,1,1240828,60598,5505467,661837,840351,4639684
SPR,1,1454612,70377,7490112,783347,1106984,5672682
TGL,1,1223546,61085,5514432,670007,846511,4643834
SPR,1,1468242,67142,7517090,786199,1012883,5557087
TGL,1,1276905,59232,5562638,666252,853256,4624050
SPR,1,1445580,66188,7563060,862115,1016607,5589657
TGL,1,1274452,58147,5525395,659332,878497,4631236
SPR,1,1435985,65779,7626134,905591,1036218,5553652
TGL,1,1218808,58011,5502450,663131,879141,4635153
SPR,1,1431957,66883,7594940,883153,1183272,5683627
TGL,1,1227854,59642,5552226,658457,874352,4615190
SPR,1,1480600,67731,7602106,792644,1015826,5454820
TGL,1,1229937,60229,5520587,667791,867519,4625599
SPR,1,1449578,67315,7503629,777584,1007642,5649806
TGL,1,1233267,58700,5495069,665139,862209,4633480
SPR,1,1555789,67357,7515568,782477,1010367,5515702
TGL,1,1221496,92777,5496039,681590,864842,4623596
SPR,1,1440655,67496,7529137,790841,1119478,5553746
TGL,1,1226118,59901,5577887,661992,890298,4605533
SPR,1,1443742,67022,7556689,791104,1015108,5593855
TGL,1,1235128,58146,5488448,666633,866960,4620297
SPR,1,1444702,79024,7519947,868035,1032362,5492655
TGL,1,1227266,60415,5700357,628762,849987,4616713
SPR,1,1428469,64385,7531782,887495,1005438,5546499

TGL,0,1242932,57924,4830177,643290,813158,4629452
SPR,0,2397581,113724,11490464,1107541,1510605,8218193
TGL,0,1263625,86343,4529889,649484,794630,4655372
SPR,0,2016380,81667,9366668,1050544,1310392,7677088
TGL,0,1289624,59377,4236723,671897,834861,4787960
SPR,0,1754417,77943,8205375,980776,1172941,7186925
TGL,0,1253570,58652,4996045,728832,932892,4951892
SPR,0,1698694,75068,8237029,934779,1212323,6743840
TGL,0,1399385,72181,5449397,750757,960301,5334974
SPR,0,1623752,71535,7661037,842155,1190506,6303064
TGL,0,1420418,66694,5029496,729881,971943,5190977
SPR,0,1587775,67630,7343423,828466,1151139,6241855
TGL,0,1412527,67772,5041023,746361,1199547,5284312
SPR,0,1530089,66452,6926397,810537,1079486,6108310
TGL,0,1426220,66427,5008908,785028,923922,5307800
SPR,0,1456760,67674,6787618,871724,1095651,5929948
TGL,0,1390885,65179,4996884,721458,982584,5245676
SPR,0,1514700,67027,6555799,788009,1010305,5917634
TGL,0,1385418,68384,4645699,762405,915778,5269306
SPR,0,1443389,66332,5977322,780571,1056031,5808075
TGL,0,1401767,65915,5002937,767001,993559,5272883
SPR,0,1439093,67464,6426913,777415,1085441,5727930
TGL,0,1405360,66697,5452129,749273,966664,5312613
SPR,0,1438995,65631,6413440,858370,1076837,5771051
TGL,0,1393195,67310,4960288,764429,939940,5381443
SPR,0,1460632,66555,6473763,777949,1037268,5816410
TGL,0,1432158,70818,4944112,756090,907524,5381763
SPR,0,1437526,69634,6421658,775767,1097497,5701385
TGL,0,1387398,96573,5012970,790874,942807,5181905
SPR,0,1467570,67906,6331232,776564,1008835,5715524
TGL,0,1440908,67337,5026047,773112,1015319,5145029
SPR,0,1438817,67213,6441712,786438,1085429,5651359
TGL,0,1430522,66439,4992696,729535,970252,5171945
SPR,0,1422842,66672,6475992,784382,1011801,5626144
TGL,0,1452272,66199,5425421,715764,997665,5280973
SPR,0,1442255,65728,6455712,781487,1013346,5650307
TGL,0,1419085,103341,4646432,725880,952410,5297115
SPR,0,1507753,71673,6350855,799898,1046373,5632600
TGL,0,1424760,76485,5052283,728376,918763,5246926
SPR,0,1436449,66679,6313526,779760,1086379,5495827
TGL,0,1443851,65082,4987371,761750,923143,5155303
SPR,0,1428051,64916,5797235,818642,1044393,5643366
TGL,0,1444464,66953,5002764,740283,1126326,5219259
SPR,0,1438824,65444,5886254,784695,1106023,5612333
TGL,0,1406980,93311,4986201,715677,976282,5307298
SPR,0,1496042,65231,6355254,861068,1019863,5592870
TGL,0,1429442,94476,4651967,723605,984605,5280962
SPR,0,1466374,66260,6378957,857193,1013634,5621986
TGL,0,1402631,91874,4616767,717708,941015,5265843
SPR,0,1425394,64373,5835913,793094,1101085,5639897
TGL,0,1425168,88189,4604746,717030,992691,5316775
SPR,0,1435668,66861,6404348,780726,1119715,5606981
TGL,0,1399706,97640,5014739,778134,918096,5138808
SPR,0,1421998,67494,6280211,782290,1023550,5624199
TGL,0,1448092,67345,4994969,746182,914976,5295861
SPR,0,1487549,67885,6358486,782249,1014867,5639920
TGL,0,1402537,69083,5001260,775981,987433,5240642
SPR,0,1436874,67405,6321008,858246,1017708,5607882
TGL,0,1388649,89713,4979866,714585,972028,5380471
SPR,0,1442223,67037,5809022,799463,1026992,5668929
TGL,0,1412914,66685,5415453,736434,974002,5351864
SPR,0,1430504,66264,5834779,779101,1038096,5631364
TGL,0,1432478,94093,4612631,740428,996499,5393534
SPR,0,1428974,66804,6349636,787337,1123532,5611725
TGL,0,1438269,87005,5444539,712955,963690,5306419
SPR,0,1429447,67274,6384496,778014,1097601,5591482
TGL,0,1390457,95810,5068620,763439,956289,5407694
SPR,0,1510070,64535,6264964,813035,1014647,5612057
TGL,0,1385528,66156,5391350,726802,981734,5173000
SPR,0,1438476,66084,6275247,801707,1039105,5630011
TGL,0,1394146,94267,5111769,771663,916566,5238941
SPR,0,1447798,75051,6383025,769734,1004403,5691085
TGL,0,1428919,65463,4598553,730101,919299,5282744
SPR,0,1433261,66849,6362863,801369,1089403,5550093
TGL,0,1413564,64782,5008777,756097,962069,5209816
SPR,0,1430131,67073,5979613,792995,1045677,5650732
TGL,0,1430332,66082,4631892,741255,943197,5356722
SPR,0,1434602,66158,6370401,771815,1082309,5631399
TGL,0,1371892,87434,4991419,756966,1023588,5243114
SPR,0,1439279,70402,6443238,780704,1011453,5546644
TGL,0,1436545,70553,4971732,781397,940831,5265028
SPR,0,1440042,66357,6395368,780911,1101332,5703570
TGL,0,1413507,67335,4613807,738051,905471,5398639
SPR,0,1435606,66489,5868247,860681,1021643,5661060
TGL,0,1423946,66087,5038214,775655,1151467,5171575
SPR,0,1437503,66135,6331539,771310,1087511,5573305
TGL,0,1401534,96473,5417973,741143,952188,5219427
SPR,0,1432717,66827,6360894,781093,1037809,5576390
TGL,0,1386153,65985,5441666,738581,903402,5290598
SPR,0,1426476,66555,6322059,848216,1011582,5588143
TGL,0,1415877,99914,5040883,724900,920394,5219027
SPR,0,1445130,65488,5830532,855863,1036077,5671985
TGL,0,1425429,66443,5001245,780849,933016,5214132
SPR,0,1439630,66445,6259791,792366,1005824,5617648
TGL,0,1454741,66229,5375799,720915,1003956,5269134
SPR,0,1426782,64219,5867493,792047,1117204,5582877
TGL,0,1400373,68976,4589896,713624,969609,5249782
SPR,0,1434679,66203,6294824,781920,1023576,5632766
TGL,0,1447359,93091,5066788,750032,894386,5305536
SPR,0,1485252,67046,5881053,806963,1053006,5671379
TGL,0,1443953,65658,4950507,762420,926733,5220434
SPR,0,1431374,67159,6343569,772307,1014132,5672029
TGL,0,1400243,65890,4990708,752859,927829,5224852
SPR,0,1429983,63562,6319833,787629,1037453,5611708
TGL,0,1444604,64517,5094332,776165,955921,5217179
SPR,0,1437290,66315,6200046,772012,1012106,5596612
TGL,0,1406117,72554,4993570,703071,963643,5225749
SPR,0,1433036,65003,6262936,793184,1011991,5589948
TGL,0,1406746,96715,4994935,718301,1103109,5284748
SPR,0,1436573,66486,6365368,777650,1005796,5701033
TGL,0,1444591,67995,4993312,778603,941885,5250416
SPR,0,1452644,66295,6322304,776165,1111695,5608197
TGL,0,1420518,90213,5045530,717085,949119,5307960
SPR,0,1435020,65942,5813124,784539,1041866,5601082
TGL,0,1390721,93980,5064175,752352,950418,5446454
SPR,0,1428777,66560,6305034,853839,1015838,5547153
TGL,0,1417120,93528,4608761,720274,952998,5216985
SPR,0,1479731,66621,6358194,799546,1104420,5536186
TGL,0,1406446,103906,5109606,783553,978375,5237323
SPR,0,1431005,65132,6240929,780156,1039448,5660141
TGL,0,1423256,68546,5064261,716058,947529,5259075
SPR,0,1438872,65705,6287760,806338,1045727,5613147
TGL,0,1398149,84025,5429689,737697,965828,5223882
SPR,0,1429542,79643,6335553,794828,1006739,5634192
TGL,0,1398096,66829,5081719,709657,951541,5220694
SPR,0,1431025,65434,5915447,785911,1094668,5587173
TGL,0,1397663,96707,5465889,751630,925892,5227068
SPR,0,1437575,66907,6313026,778988,1114236,5615987
TGL,0,1430314,84218,5033990,763617,932508,5283999
SPR,0,1441413,65553,6308971,792597,1014036,5584043
TGL,0,1395503,85237,4638091,762919,917775,5199931
SPR,0,1424801,65829,6337525,770763,1002188,5573372
TGL,0,1389884,116234,4981790,741674,929253,5260914
SPR,0,1422699,66210,6185517,777810,1068728,5550673
TGL,0,1408335,66719,5063786,763962,908748,5212415
SPR,0,1451836,66436,6388748,773690,1039060,5575158
TGL,0,1404367,65612,5008762,745443,973573,5257778
SPR,0,1499260,65395,6319295,774133,1116530,5634279
TGL,0,1385705,65931,5130441,720556,944928,5488948
SPR,0,1444562,66067,6329984,796842,1030887,5576611
TGL,0,1393308,85991,5061911,772576,948171,5270670
SPR,0,1503593,72556,6381757,782904,1027162,5614781
TGL,0,1429556,65373,5041438,734692,950717,5260876
SPR,0,1416329,64708,6414296,789529,1107770,5668558
TGL,0,1415552,66276,5074445,735451,973651,5287597
SPR,0,1433518,66028,6248759,775269,1007578,5590976
TGL,0,1428970,83425,5061007,719310,921543,5259171
SPR,0,1439486,66301,6331709,863324,1048171,5561369
TGL,0,1436414,65975,5006133,770410,922807,5177990
SPR,0,1425452,63318,5852324,784716,1012460,5743060
TGL,0,1431319,64897,5015841,776245,1024380,5269019
SPR,0,1426055,66637,6319237,777436,1106552,5609460
TGL,0,1399214,65768,4639297,762767,919027,5244819
SPR,0,1437942,67785,6245698,771746,1011103,5604264
TGL,0,1412401,66775,5461113,750481,947965,5205245
SPR,0,1427576,65051,6342708,769315,1006065,5596672
TGL,0,1404987,92625,5116684,766846,933960,5185514
SPR,0,1423566,66837,6292566,780237,1019974,5631719
TGL,0,1430683,65534,4652209,742100,926471,5364819
SPR,0,1423362,76686,6330476,849445,1013094,5585141
TGL,0,1383570,69712,5008057,789445,915985,5248561
SPR,0,1446999,66503,5829775,774471,1045928,5622312
TGL,0,1435313,65785,5026153,750245,956455,5242585
SPR,0,1501226,66135,5902429,855269,1052767,5656327
TGL,0,1384429,91939,5031586,737400,926702,5243406
SPR,0,1441236,65438,6367073,784265,1020456,5713061
TGL,0,1439912,66833,5055298,778062,973122,5222600
SPR,0,1455675,66637,5840536,851679,1119467,5602053
TGL,0,1428273,66444,5471200,719194,936293,5295262
SPR,0,1444084,67419,6393735,776030,1006446,5742077
TGL,0,1418618,86185,4970248,740445,929639,5372051
SPR,0,1455204,66756,6290553,792824,1042675,5639155
TGL,0,1452513,85968,5079432,779380,907702,5185959
SPR,0,1434647,66016,6372933,773483,1087710,5656264
TGL,0,1404161,85134,5447767,746997,1007848,5295430
SPR,0,1437849,66462,6348513,857760,1081057,5546081
TGL,0,1436359,65395,5057652,721502,968034,5292985
SPR,0,1440761,65244,6287704,776955,1018157,5529017
TGL,0,1397832,66688,5445264,757892,938731,5256385
SPR,0,1428748,66443,6362354,780087,1081279,5527700
TGL,0,1411753,66918,5182837,754578,906204,5255510
SPR,0,1424044,66138,5901841,792608,1089353,5607483
TGL,0,1386525,66383,5449500,728671,957682,5291026
SPR,0,1426933,66906,6297328,861914,1082923,5617517
TGL,0,1426359,66866,5031141,794217,934584,5169834
SPR,0,1447449,68019,6397583,856834,1066093,5575333
TGL,0,1435727,66173,4640541,738375,969028,5303642
SPR,0,1433525,68078,6359504,774672,1010828,5566815
TGL,0,1447821,65109,5011869,768710,1112934,5262329
SPR,0,1425314,66223,6430233,779947,1040320,5569649
TGL,0,1403521,89967,5421219,766456,943015,5230181
SPR,0,1429451,65709,6405073,779171,1100285,5539121
TGL,0,1409875,66786,5034305,739556,940049,5220327
SPR,0,1495979,66271,6383667,788192,1016873,5668599
TGL,0,1490567,65823,5016135,776237,953696,5368473
SPR,0,1440559,65789,5929057,774140,1097312,5576191
TGL,0,1394444,65281,5052294,717701,931122,5235543
SPR,0,1451753,66152,6306028,778132,1019025,5605419
TGL,0,1392410,65450,4999666,726518,942905,5333428
SPR,0,1448108,66515,6333855,790739,1012930,5558157
TGL,0,1382671,72981,5093387,760370,1005775,5323259
SPR,0,1424279,78294,6380543,783199,1029271,5553913
TGL,0,1382056,86948,4616158,730551,954294,5259632
SPR,0,1507670,66607,6388069,783885,1064718,5588083
TGL,0,1398320,97385,4985778,722992,961293,5245575
SPR,0,1430077,67219,5839387,861081,1036466,5677627
TGL,0,1398665,70827,5034006,716471,938355,5186680
SPR,0,1476056,65973,5750462,798091,1019435,5621353
TGL,0,1398809,97908,5022310,718416,985844,5285702
SPR,0,1423314,65270,6381986,772003,1094636,5588718
TGL,0,1429897,90943,5406555,719253,953147,5228189
SPR,0,1441174,66787,6335182,778168,1081112,5562133
TGL,0,1406910,68587,4575609,747656,979555,5286280
SPR,0,1430554,65823,6342511,777203,1010347,5478630
TGL,0,1398052,66191,5073760,747098,959616,5344071
SPR,0,1424157,66162,6271543,788898,1118035,5618819
TGL,0,1407030,66557,4602117,738127,1014998,5251642
SPR,0,1437852,66484,5905574,860640,1030338,5639138
TGL,0,1431174,70482,5068737,739342,920474,5230164
SPR,0,1431164,66718,6382068,858585,1022253,5725543
TGL,0,1420079,125222,5454325,815872,913744,5446317
SPR,0,1435846,65842,5971837,848191,1023657,5684861
TGL,0,1446156,87507,4620979,778493,918583,5432887
SPR,0,1444746,68951,6454612,818782,1092773,5652300
TGL,0,1434218,95128,5535911,723642,987494,5210436
SPR,0,1453030,69176,6405729,798349,1107460,5640436
TGL,0,1386333,86910,5068875,771262,981359,5242126
SPR,0,1441081,64285,6434398,855798,1019355,5627411
TGL,0,1397975,66546,5000166,752354,970155,5200346
SPR,0,1434888,66211,6341944,773110,1015312,5704911
TGL,0,1425143,65835,5497806,773752,909846,5403399
SPR,0,1438561,66442,6310560,783720,1035759,5606479
TGL,0,1401684,65775,5069642,773871,911888,5199464
SPR,0,1437805,74234,6397596,770127,1005607,5580865
TGL,0,1441468,67881,4598343,741303,954194,5245827
SPR,0,1411182,62935,6293234,851253,997553,5561651
TGL,0,1434290,87093,4959920,729314,923552,5195173
SPR,0,1421875,66650,5997088,774459,1010044,5494594
TGL,0,1429988,79223,5070556,772948,950936,5312407
SPR,0,1429423,66787,5791359,775152,1065492,5520439
TGL,0,1378711,64569,4645046,748954,904099,5207488
SPR,0,1440523,66063,5829060,785157,1011138,5639014
TGL,0,1393191,73397,5046401,733407,938473,5418923
SPR,0,1424426,67346,5745316,820411,1108433,5594165
TGL,0,1459870,65383,5053870,736398,999511,5253757
SPR,0,1443525,66346,6268524,784955,1010361,5560521
TGL,0,1386289,92513,4634026,783304,919856,5190241
SPR,0,1448937,66403,6345511,782190,1081590,5520398
TGL,0,1380886,87592,5073874,738156,912819,5178618
SPR,0,1440672,66203,6347957,852953,1064266,5547044
TGL,0,1440566,66033,5435021,736814,895015,5169464
SPR,0,1452813,66983,5883508,786452,1114241,5559235
TGL,0,1450441,70449,5000792,749492,960659,5283734
SPR,0,1438495,65935,6292121,778774,1070683,5568544
TGL,0,1414450,97468,5050468,733790,1004132,5266565
SPR,0,1427840,66590,5868250,807705,1082577,5537130
TGL,0,1394388,90119,4996196,722995,968069,5292472
SPR,0,1442068,72743,6426537,782489,1084383,5561514
TGL,0,1387095,72741,5435508,717134,991459,5302219
SPR,0,1434044,66038,5840988,787220,1000316,5561107
TGL,0,1385951,72149,5057397,711274,1135784,5346723
SPR,0,1429274,67640,5883996,787150,1036211,5567587
TGL,0,1400121,65838,5082957,768713,933560,5271553
SPR,0,1435020,66545,6309908,779661,1008475,5567840
TGL,0,1422380,94309,5022177,722298,983911,5231374
SPR,0,1434608,67942,6346251,791791,1066070,5581728
TGL,0,1387640,88112,4664210,751395,941269,5278818
SPR,0,1502951,67723,6354638,778551,1087332,5558922
TGL,0,1388708,94095,5054329,758023,944140,5269559
SPR,0,1432235,66621,6251408,786395,1007953,5515253
TGL,0,1380422,96839,5008738,708540,924582,5350524
SPR,0,1425862,66215,6335566,800834,1064825,5495013
TGL,0,1380406,87551,5054850,753964,924268,5207310
SPR,0,1444396,66390,6399532,772365,1010745,5522774
TGL,0,1392950,68805,5033654,796241,909969,5186878
SPR,0,1411083,67779,6388676,861470,1019248,5544340
TGL,0,1395647,108623,5026322,758081,943311,5335607
SPR,0,1433501,66049,6268227,796284,1000545,5582136
TGL,0,1401431,66781,5558213,757616,965221,5237559
SPR,0,1435835,63284,6307496,857103,1008262,5531941
TGL,0,1433931,65793,5031021,772081,925578,5247999
SPR,0,1424339,78393,6428260,773867,1100354,5563843
TGL,0,1402772,88759,5446893,741188,917527,5219976
SPR,0,1435855,66150,5878125,856696,1011231,5604636
TGL,0,1445410,66189,5096021,770700,960359,5326688
SPR,0,1437012,67365,6343432,860715,1017333,5556186
TGL,0,1438401,66443,5469563,734197,943039,5270327
SPR,0,1434598,65654,6400581,863655,1012317,5567714
TGL,0,1408703,123903,4986574,774008,973651,5353947
SPR,0,1424074,66428,6318939,778077,1091539,5564688
TGL,0,1438116,66331,5001784,781506,927331,5145658
SPR,0,1442960,67256,6364390,774142,1130956,5594588
TGL,0,1386441,68010,5029814,714233,930158,5368992
SPR,0,1446112,66366,6381490,775925,1082626,5524253
TGL,0,1391481,64470,4428876,648513,823852,4945369
SPR,0,1436491,66639,5749699,778874,1021952,5567003
TGL,0,1311147,85763,4680667,661838,941821,4925422
SPR,0,1430624,78523,6351734,785914,1086787,5544246
TGL,0,1249353,89518,4810833,734456,825881,4967699
SPR,0,1444518,73264,5897248,779821,1055755,5582395
TGL,0,1316960,90559,4879327,720615,953520,5437406
SPR,0,1432530,65389,6425339,865456,1045478,5587753
TGL,0,1442621,66674,4980440,762057,967483,5296500
SPR,0,1432107,66077,6260986,783457,1035733,5551249
TGL,0,1436957,64738,5027114,712252,944163,5283838
SPR,0,1436866,65894,6403035,785519,1022600,5560277
TGL,0,1392103,67086,4997904,734045,926735,5283153
SPR,0,1441815,66227,6246823,787958,1008028,5651694
TGL,0,1400145,73359,5467953,741345,950876,5225246
SPR,0,1425610,67245,6246771,779437,1065698,5572206
TGL,0,1437429,66276,5388868,746120,990558,5291070
SPR,0,1425115,66343,6399229,817250,1009650,5646296
TGL,0,1417553,84412,5028630,751562,941242,5303579
SPR,0,1448671,65555,5900574,838741,1096451,5466435
TGL,0,1410070,65881,4982886,748577,924264,5220227
SPR,0,1440541,65129,6379773,780210,1004717,5630210
TGL,0,1423339,66916,4623933,737349,952686,5364248
SPR,0,1421277,67033,6351633,859064,998124,5542674
TGL,0,1452575,84779,4643431,744233,958503,5212688
SPR,0,1430617,66790,5765093,791512,1049731,5594629
TGL,0,1399673,69078,4584383,722184,971356,5273240
SPR,0,1433509,66429,6383717,815898,1091742,5591555
TGL,0,1398898,94383,5030907,785566,967399,5327840
SPR,0,1425483,73883,6212074,781510,1040027,5599438
TGL,0,1379959,66647,5050970,760667,962893,5229167
SPR,0,1448781,66634,5848930,779099,1007272,5552222
TGL,0,1405191,96916,5070599,729080,920691,5385597
SPR,0,1444936,83385,6548462,773003,1003973,5673320
TGL,0,1430056,65840,5003134,798960,976381,5186349
SPR,0,1451595,66446,6342592,786156,1022359,5618223
TGL,0,1398231,68049,5421126,726547,951181,5160193
SPR,0,1437284,65368,6400261,845343,1031024,5728455
TGL,0,1392047,99079,5023824,761816,934784,5222380
SPR,0,1434946,68717,5887310,859632,1006434,5623138
TGL,0,1421993,89917,5035756,822182,906611,5242603
SPR,0,1430489,67007,6355786,782157,1087300,5652574
TGL,0,1459438,67267,5076158,757307,982908,5232981
SPR,0,1444305,67185,6429012,772118,1090591,5637062
TGL,0,1370334,65311,5093909,717112,924990,5216149
SPR,0,1420814,66210,6378925,792521,1041478,5710832
TGL,0,1384331,65527,4629003,753176,932553,5267338
SPR,0,1444615,66831,6342785,801478,1012293,5545492
TGL,0,1450878,65936,5404496,732140,981308,5192581
SPR,0,1438208,66960,6355104,781965,998642,5646704
TGL,0,1422172,90596,5011343,747263,898106,5324023
SPR,0,1495044,66634,6320335,783389,1084188,5567088
TGL,0,1444600,67796,4659336,735729,908537,5398761
SPR,0,1430722,66694,5838043,774763,1003667,5655188
TGL,0,1360462,95742,5068239,754744,910557,5173899
SPR,0,1439925,66577,6417000,785017,1002516,5603058
TGL,0,1404159,97331,4994761,717610,952653,5204932
SPR,0,1435880,65249,6393560,784940,1006015,5586938
TGL,0,1387935,94483,4496003,786700,915453,4897518
SPR,0,1499552,65244,6375103,850588,1063728,5622380
TGL,0,1369536,94818,4803489,729039,933169,4873466
SPR,0,1445122,66996,6227173,778262,1006734,5570877
TGL,0,1383159,94942,5021004,743790,899909,5283730
SPR,0,1437127,66480,6287032,852336,1103489,5599002
TGL,0,1448582,65590,5057010,722339,1019788,5179285
SPR,0,1430193,67354,5881562,862300,1019921,5568550
TGL,0,1433263,85981,5433603,750814,928410,5286922
SPR,0,1432331,75675,6228780,776206,1010015,5575642
TGL,0,1445726,67470,5402748,722712,972254,5280022
SPR,0,1451773,66012,6358752,851328,1011093,5586762
TGL,0,1424195,65646,5091631,744210,920323,5166200
SPR,0,1428581,68937,5951004,861500,1032750,5617108
TGL,0,1401177,78889,5439770,771587,924545,5213423
SPR,0,1434657,66527,6361493,776252,1004490,5648471
TGL,0,1427531,66798,5092075,728052,1121603,5250897
SPR,0,1424278,67730,5855233,849016,1026166,5623001
TGL,0,1382407,93689,5043139,747756,980365,5257245
SPR,0,1432787,66093,6334704,779998,1086366,5518179
TGL,0,1376921,94335,5087596,750467,937682,5320639
SPR,0,1427275,67758,6363482,780082,1122892,5593742
TGL,0,1388164,86334,5023544,745754,956269,5253815
SPR,0,1459749,66028,5751053,786470,1076398,5550651
TGL,0,1381122,84737,4574534,801455,916486,5179363
SPR,0,1432567,66484,6323090,858177,1015447,5566070
TGL,0,1434353,94614,5532072,748143,1034119,5178176
SPR,0,1429712,66971,6275759,789355,1088643,5511019
TGL,0,1389559,82726,5031225,736147,937378,5232869
SPR,0,1431087,64964,6314059,848935,1023990,5568631
TGL,0,1382902,87298,4997519,731743,954997,5282948
SPR,0,1438347,67133,6395873,786739,1106577,5602369
TGL,0,1387468,66781,5027542,738349,912136,5235347
SPR,0,1435369,66565,6223532,781921,1013815,5512166
TGL,0,1394053,94525,5083499,711755,1015838,5214385
SPR,0,1431495,78067,5889040,778481,1002518,5690315
TGL,0,1394655,82923,5048944,744346,902014,5204237
SPR,0,1429710,66363,6379357,769488,1039067,5587363
TGL,0,1397108,103163,5410931,741566,940339,5162347
SPR,0,1429996,67515,6323164,837917,1057786,5636583
TGL,0,1432185,64057,5034849,736539,962323,5224934
SPR,0,1430038,66911,6385087,777265,1081129,5558497
TGL,0,1392839,66355,4636866,776446,914652,5298198
SPR,0,1430513,67460,6332439,792410,1066346,5556929
TGL,0,1460856,87883,4992466,762208,993039,5215325
SPR,0,1435952,65224,6255396,770249,1000524,5542925
TGL,0,1390294,66058,5017463,724811,928450,5274225
SPR,0,1439519,78489,5823293,775844,1012614,5570878
